Start,Stop,AverageTmrcaOrig,AverageTmrcaSimp,AverageTmrcaRecap,AverageTmrcaSimp5
0,50000,1000000.000000,41641.575100,1000000.000000,29914.908860
50000,100000,1000000.000000,31627.523400,1000000.000000,30278.378080
100000,150000,1000000.000000,45641.102620,1000000.000000,21520.591500
150000,200000,1000000.000000,33478.922540,1000000.000000,21522.540000
200000,250000,1000000.000000,22306.833360,1000000.000000,16801.516540
250000,300000,1000000.000000,24175.218720,1000000.000000,17434.292000
300000,350000,1000000.000000,23571.870800,1000000.000000,23571.870800
350000,400000,1000000.000000,18422.017440,1000000.000000,18289.703960
400000,450000,1000000.000000,17630.185040,1000000.000000,9627.000000
450000,500000,1000000.000000,20891.895680,1000000.000000,16515.291840
500000,550000,1000000.000000,21702.027360,1000000.000000,19424.081760
550000,600000,1000000.000000,32205.000000,1000000.000000,26862.465920
600000,650000,1000000.000000,42000.913220,1000000.000000,42000.913220
650000,700000,1000000.000000,53488.514880,1000000.000000,53488.514880
700000,750000,1000000.000000,54257.762460,1000000.000000,54257.762460
750000,800000,1000000.000000,45303.703580,1000000.000000,45303.703580
800000,850000,1000000.000000,30703.000000,1000000.000000,30703.000000
850000,900000,1000000.000000,20499.913800,1000000.000000,20499.913800
900000,950000,1000000.000000,34299.117660,1000000.000000,32027.642020
950000,1000000,1000000.000000,29149.585960,1000000.000000,23482.646440
1000000,1050000,1000000.000000,30703.000000,1000000.000000,18999.390000
1050000,1100000,1000000.000000,30161.677920,1000000.000000,19037.000000
1100000,1150000,1000000.000000,32384.895360,1000000.000000,26153.882300
1150000,1200000,1000000.000000,46793.407040,1000000.000000,46793.407040
1200000,1250000,1000000.000000,26634.881000,1000000.000000,26634.881000
1250000,1300000,1000000.000000,20718.631900,1000000.000000,20718.631900
1300000,1350000,1000000.000000,24414.047640,1000000.000000,24414.047640
1350000,1400000,1000000.000000,18039.094400,1000000.000000,18039.094400
1400000,1450000,1000000.000000,40026.830460,1000000.000000,40026.830460
1450000,1500000,1000000.000000,41784.745080,1000000.000000,41784.745080
1500000,1550000,1000000.000000,34980.896540,1000000.000000,34980.896540
1550000,1600000,1000000.000000,49810.169680,1000000.000000,49810.169680
1600000,1650000,1000000.000000,38965.259680,1000000.000000,38965.259680
1650000,1700000,1000000.000000,41304.554560,1000000.000000,41304.554560
1700000,1750000,1000000.000000,35561.816880,1000000.000000,35561.816880
1750000,1800000,1000000.000000,19468.253740,1000000.000000,19468.253740
1800000,1850000,1000000.000000,25627.571540,1000000.000000,25627.571540
1850000,1900000,1000000.000000,34902.603520,1000000.000000,34902.603520
1900000,1950000,1000000.000000,27994.855960,1000000.000000,27994.855960
1950000,2000000,1000000.000000,29892.334120,1000000.000000,17948.198880
2000000,2050000,1000000.000000,39826.276320,1000000.000000,24469.404200
2050000,2100000,1000000.000000,57055.534140,1000000.000000,30741.952680
2100000,2150000,1000000.000000,23831.000000,1000000.000000,16901.000000
2150000,2200000,1000000.000000,23831.000000,1000000.000000,16404.043720
2200000,2250000,1000000.000000,23831.000000,1000000.000000,23697.080800
2250000,2300000,1000000.000000,43867.250420,1000000.000000,43867.250420
2300000,2350000,1000000.000000,47608.770600,1000000.000000,47608.770600
2350000,2400000,1000000.000000,41488.002820,1000000.000000,41488.002820
2400000,2450000,1000000.000000,28303.956480,1000000.000000,28303.956480
2450000,2500000,1000000.000000,36326.892120,1000000.000000,36326.892120
2500000,2550000,1000000.000000,50583.439820,1000000.000000,50583.439820
2550000,2600000,1000000.000000,42101.958320,1000000.000000,42101.958320
2600000,2650000,1000000.000000,18810.000000,1000000.000000,18810.000000
2650000,2700000,1000000.000000,30765.535220,1000000.000000,29643.082580
2700000,2750000,1000000.000000,26748.960420,1000000.000000,19325.645800
2750000,2800000,1000000.000000,37556.818240,1000000.000000,9768.726680
2800000,2850000,1000000.000000,35109.277760,1000000.000000,26656.013200
2850000,2900000,1000000.000000,22850.190000,1000000.000000,22850.190000
2900000,2950000,1000000.000000,27904.215040,1000000.000000,27904.215040
2950000,3000000,1000000.000000,29782.697500,1000000.000000,29782.697500
3000000,3050000,1000000.000000,25141.918520,1000000.000000,23402.463000
3050000,3100000,1000000.000000,22194.000000,1000000.000000,6398.000000
3100000,3150000,1000000.000000,22873.428600,1000000.000000,6398.000000
3150000,3200000,1000000.000000,20819.034060,1000000.000000,15047.922800
3200000,3250000,1000000.000000,21293.356200,1000000.000000,21293.356200
3250000,3300000,1000000.000000,25035.000000,1000000.000000,25035.000000
3300000,3350000,1000000.000000,29354.318820,1000000.000000,29354.318820
3350000,3400000,1000000.000000,20718.000000,1000000.000000,20718.000000
3400000,3450000,1000000.000000,34225.698720,1000000.000000,34225.698720
3450000,3500000,1000000.000000,78181.491260,1000000.000000,78181.491260
3500000,3550000,1000000.000000,35444.593880,1000000.000000,31722.748720
3550000,3600000,1000000.000000,25472.085840,1000000.000000,25472.085840
3600000,3650000,1000000.000000,46885.159900,1000000.000000,46885.159900
3650000,3700000,1000000.000000,48205.000000,1000000.000000,48205.000000
3700000,3750000,1000000.000000,43809.091800,1000000.000000,43809.091800
3750000,3800000,1000000.000000,33387.303800,1000000.000000,33387.303800
3800000,3850000,1000000.000000,17479.000000,1000000.000000,17479.000000
3850000,3900000,1000000.000000,18424.316260,1000000.000000,18424.316260
3900000,3950000,1000000.000000,16477.156780,1000000.000000,16477.156780
3950000,4000000,1000000.000000,17259.893380,1000000.000000,17259.893380
4000000,4050000,1000000.000000,17058.990400,1000000.000000,17058.990400
4050000,4100000,1000000.000000,17885.000000,1000000.000000,17885.000000
4100000,4150000,1000000.000000,17885.000000,1000000.000000,17885.000000
4150000,4200000,1000000.000000,17885.000000,1000000.000000,17885.000000
4200000,4250000,1000000.000000,17885.000000,1000000.000000,17885.000000
4250000,4300000,1000000.000000,19463.620880,1000000.000000,19463.620880
4300000,4350000,1000000.000000,24221.531000,1000000.000000,21119.401460
4350000,4400000,1000000.000000,24898.131200,1000000.000000,19006.030620
4400000,4450000,1000000.000000,17730.593680,1000000.000000,17730.593680
4450000,4500000,1000000.000000,19976.486780,1000000.000000,19976.486780
4500000,4550000,1000000.000000,42201.035760,1000000.000000,42201.035760
4550000,4600000,1000000.000000,53859.288320,1000000.000000,53859.288320
4600000,4650000,1000000.000000,48466.000000,1000000.000000,48466.000000
4650000,4700000,1000000.000000,45657.998000,1000000.000000,45657.998000
4700000,4750000,1000000.000000,32316.976940,1000000.000000,32316.976940
4750000,4800000,1000000.000000,34991.137140,1000000.000000,34991.137140
4800000,4850000,1000000.000000,28443.546260,1000000.000000,21551.343540
4850000,4900000,1000000.000000,24356.000000,1000000.000000,14748.000000
4900000,4950000,1000000.000000,24356.000000,1000000.000000,20052.192480
4950000,5000000,1000000.000000,24356.000000,1000000.000000,24356.000000
5000000,5050000,1000000.000000,39145.301140,1000000.000000,38877.716260
5050000,5100000,1000000.000000,38977.873400,1000000.000000,36122.314980
5100000,5150000,1000000.000000,55505.424840,1000000.000000,51690.536740
5150000,5200000,1000000.000000,39568.549120,1000000.000000,39006.982320
5200000,5250000,1000000.000000,38024.594300,1000000.000000,33162.385560
5250000,5300000,1000000.000000,50416.799220,1000000.000000,41939.544720
5300000,5350000,1000000.000000,40837.059620,1000000.000000,39107.943380
5350000,5400000,1000000.000000,44138.583680,1000000.000000,40411.529380
5400000,5450000,1000000.000000,41624.325680,1000000.000000,39366.607060
5450000,5500000,1000000.000000,27267.702300,1000000.000000,20714.805260
5500000,5550000,1000000.000000,26592.290860,1000000.000000,26373.444340
5550000,5600000,1000000.000000,42027.343460,1000000.000000,32506.722080
5600000,5650000,1000000.000000,39718.871060,1000000.000000,33908.359980
5650000,5700000,1000000.000000,33612.660740,1000000.000000,32456.159140
5700000,5750000,1000000.000000,30989.259360,1000000.000000,28773.302760
5750000,5800000,1000000.000000,32112.157980,1000000.000000,28125.788080
5800000,5850000,1000000.000000,30752.941260,1000000.000000,29400.262180
5850000,5900000,1000000.000000,53693.006920,1000000.000000,51992.369240
5900000,5950000,1000000.000000,37935.528100,1000000.000000,37271.892640
5950000,6000000,1000000.000000,29139.114220,1000000.000000,29139.114220
6000000,6050000,1000000.000000,35401.000260,1000000.000000,33896.804360
6050000,6100000,1000000.000000,42566.443700,1000000.000000,42483.118580
6100000,6150000,1000000.000000,31379.151060,1000000.000000,26169.141100
6150000,6200000,1000000.000000,40793.531800,1000000.000000,29479.247940
6200000,6250000,1000000.000000,36123.281960,1000000.000000,30174.750500
6250000,6300000,1000000.000000,41620.519900,1000000.000000,35577.816840
6300000,6350000,1000000.000000,47513.557240,1000000.000000,47511.940440
6350000,6400000,1000000.000000,37497.341400,1000000.000000,35929.100480
6400000,6450000,1000000.000000,35833.947380,1000000.000000,24186.618200
6450000,6500000,1000000.000000,36021.231220,1000000.000000,35525.578220
6500000,6550000,1000000.000000,47461.050460,1000000.000000,44369.384860
6550000,6600000,1000000.000000,45801.376340,1000000.000000,29924.776660
6600000,6650000,1000000.000000,28090.199200,1000000.000000,27705.243160
6650000,6700000,1000000.000000,39283.679380,1000000.000000,37835.258300
6700000,6750000,1000000.000000,41787.623840,1000000.000000,39157.505120
6750000,6800000,1000000.000000,37671.898260,1000000.000000,36433.293060
6800000,6850000,1000000.000000,41136.787320,1000000.000000,41063.820120
6850000,6900000,1000000.000000,30823.993700,1000000.000000,28658.366760
6900000,6950000,1000000.000000,47762.290520,1000000.000000,37041.686740
6950000,7000000,1000000.000000,43768.321180,1000000.000000,37697.709200
7000000,7050000,1000000.000000,38086.586940,1000000.000000,33713.419900
7050000,7100000,1000000.000000,35942.404340,1000000.000000,34036.942480
7100000,7150000,1000000.000000,36271.490160,1000000.000000,32591.915140
7150000,7200000,1000000.000000,37718.098140,1000000.000000,34808.463740
7200000,7250000,1000000.000000,45845.389900,1000000.000000,43685.472260
7250000,7300000,1000000.000000,33265.727060,1000000.000000,32177.838940
7300000,7350000,1000000.000000,34299.828440,1000000.000000,34268.063240
7350000,7400000,1000000.000000,59966.286860,1000000.000000,54683.143600
7400000,7450000,1000000.000000,46086.388720,1000000.000000,43196.698480
7450000,7500000,1000000.000000,44962.224700,1000000.000000,40572.382600
7500000,7550000,1000000.000000,52662.959720,1000000.000000,44084.595500
7550000,7600000,1000000.000000,49491.176140,1000000.000000,45484.735980
7600000,7650000,1000000.000000,37356.013720,1000000.000000,37356.013720
7650000,7700000,1000000.000000,48511.941900,1000000.000000,46505.038540
7700000,7750000,1000000.000000,41685.212660,1000000.000000,37639.684440
7750000,7800000,1000000.000000,35902.366140,1000000.000000,28662.675920
7800000,7850000,1000000.000000,39189.430340,1000000.000000,39141.751940
7850000,7900000,1000000.000000,24150.792940,1000000.000000,19551.549700
7900000,7950000,1000000.000000,44447.994380,1000000.000000,27002.470480
7950000,8000000,1000000.000000,28947.024240,1000000.000000,25074.374580
8000000,8050000,1000000.000000,25830.556220,1000000.000000,21314.711180
8050000,8100000,1000000.000000,36831.136300,1000000.000000,33784.840320
8100000,8150000,1000000.000000,47113.846220,1000000.000000,44396.531520
8150000,8200000,1000000.000000,43613.223200,1000000.000000,36882.616820
8200000,8250000,1000000.000000,32730.156880,1000000.000000,31912.157200
8250000,8300000,1000000.000000,33645.056840,1000000.000000,30949.784600
8300000,8350000,1000000.000000,42484.096560,1000000.000000,42484.096560
8350000,8400000,1000000.000000,39423.829560,1000000.000000,38453.318920
8400000,8450000,1000000.000000,35407.873560,1000000.000000,34271.097420
8450000,8500000,1000000.000000,29718.992720,1000000.000000,27021.772140
8500000,8550000,1000000.000000,33178.710220,1000000.000000,32079.667340
8550000,8600000,1000000.000000,28363.367040,1000000.000000,26144.305780
8600000,8650000,1000000.000000,31226.154600,1000000.000000,31226.154600
8650000,8700000,1000000.000000,53433.540100,1000000.000000,52210.650800
8700000,8750000,1000000.000000,36961.285100,1000000.000000,36959.365100
8750000,8800000,1000000.000000,55945.308920,1000000.000000,54280.643120
8800000,8850000,1000000.000000,35305.260660,1000000.000000,28605.102820
8850000,8900000,1000000.000000,38444.161240,1000000.000000,37532.806760
8900000,8950000,1000000.000000,35478.855500,1000000.000000,24204.349720
8950000,9000000,1000000.000000,45795.577340,1000000.000000,28065.698820
9000000,9050000,1000000.000000,38608.363780,1000000.000000,36214.101900
9050000,9100000,1000000.000000,30704.795740,1000000.000000,27705.681760
9100000,9150000,1000000.000000,37497.213140,1000000.000000,30682.069920
9150000,9200000,1000000.000000,35627.194640,1000000.000000,32992.770780
9200000,9250000,1000000.000000,36072.996660,1000000.000000,35171.430200
9250000,9300000,1000000.000000,42812.379600,1000000.000000,42584.477960
9300000,9350000,1000000.000000,33710.594220,1000000.000000,32475.789020
9350000,9400000,1000000.000000,39994.233780,1000000.000000,39223.871260
9400000,9450000,1000000.000000,31477.279720,1000000.000000,24137.746500
9450000,9500000,1000000.000000,31663.999700,1000000.000000,30006.659160
9500000,9550000,1000000.000000,40390.344200,1000000.000000,39469.280280
9550000,9600000,1000000.000000,32922.014720,1000000.000000,29407.872400
9600000,9650000,1000000.000000,31473.498120,1000000.000000,30141.731460
9650000,9700000,1000000.000000,23111.946580,1000000.000000,20378.708120
9700000,9750000,1000000.000000,41369.174640,1000000.000000,26712.988460
9750000,9800000,1000000.000000,43609.746400,1000000.000000,43355.622100
9800000,9850000,1000000.000000,34345.775060,1000000.000000,31860.943960
9850000,9900000,1000000.000000,20620.747480,1000000.000000,19059.570500
9900000,9950000,1000000.000000,30013.905760,1000000.000000,26250.009040
9950000,10000000,1000000.000000,21117.578740,1000000.000000,13118.566660
10000000,10050000,1000000.000000,20068.000000,1000000.000000,17973.434420
10050000,10100000,1000000.000000,20068.000000,1000000.000000,20068.000000
10100000,10150000,1000000.000000,23279.000560,1000000.000000,23279.000560
10150000,10200000,1000000.000000,20466.430200,1000000.000000,20392.816600
10200000,10250000,1000000.000000,25391.839320,1000000.000000,25385.041720
10250000,10300000,1000000.000000,23980.445040,1000000.000000,23980.445040
10300000,10350000,1000000.000000,25310.526060,1000000.000000,25310.526060
10350000,10400000,1000000.000000,24807.000000,1000000.000000,24807.000000
10400000,10450000,1000000.000000,24807.000000,1000000.000000,24807.000000
10450000,10500000,1000000.000000,18778.527760,1000000.000000,18778.527760
10500000,10550000,1000000.000000,10654.000000,1000000.000000,10654.000000
10550000,10600000,1000000.000000,15681.864160,1000000.000000,15681.864160
10600000,10650000,1000000.000000,34343.368120,1000000.000000,34343.368120
10650000,10700000,1000000.000000,36789.196840,1000000.000000,36789.196840
10700000,10750000,1000000.000000,38448.722740,1000000.000000,38448.722740
10750000,10800000,1000000.000000,38966.636760,1000000.000000,38966.636760
10800000,10850000,1000000.000000,24436.441380,1000000.000000,21380.203920
10850000,10900000,1000000.000000,17047.000000,1000000.000000,9618.335920
10900000,10950000,1000000.000000,12507.481000,1000000.000000,9285.000000
10950000,11000000,1000000.000000,12687.819520,1000000.000000,9285.000000
11000000,11050000,1000000.000000,19773.000000,1000000.000000,9285.000000
11050000,11100000,1000000.000000,17513.703680,1000000.000000,10403.999280
11100000,11150000,1000000.000000,19773.000000,1000000.000000,8299.704100
11150000,11200000,1000000.000000,19773.000000,1000000.000000,10058.646300
11200000,11250000,1000000.000000,20244.193800,1000000.000000,20244.193800
11250000,11300000,1000000.000000,21406.271680,1000000.000000,21406.271680
11300000,11350000,1000000.000000,21243.000000,1000000.000000,21243.000000
11350000,11400000,1000000.000000,21243.000000,1000000.000000,21243.000000
11400000,11450000,1000000.000000,21243.000000,1000000.000000,21243.000000
11450000,11500000,1000000.000000,21243.000000,1000000.000000,21243.000000
11500000,11550000,1000000.000000,21243.000000,1000000.000000,21243.000000
11550000,11600000,1000000.000000,19119.760340,1000000.000000,19119.760340
11600000,11650000,1000000.000000,16002.117800,1000000.000000,16002.117800
11650000,11700000,1000000.000000,15843.204940,1000000.000000,13519.228800
11700000,11750000,1000000.000000,18559.000000,1000000.000000,12778.000000
11750000,11800000,1000000.000000,18559.000000,1000000.000000,16018.324400
11800000,11850000,1000000.000000,18559.000000,1000000.000000,11444.000000
11850000,11900000,1000000.000000,29036.245540,1000000.000000,12943.051020
11900000,11950000,1000000.000000,78976.496880,1000000.000000,15220.449940
11950000,12000000,1000000.000000,51703.764320,1000000.000000,9285.000000
12000000,12050000,1000000.000000,21243.000000,1000000.000000,20704.815560
12050000,12100000,1000000.000000,21013.745600,1000000.000000,21013.745600
12100000,12150000,1000000.000000,19435.000000,1000000.000000,19435.000000
12150000,12200000,1000000.000000,20584.851840,1000000.000000,20572.064640
12200000,12250000,1000000.000000,19059.630720,1000000.000000,18624.919200
12250000,12300000,1000000.000000,21243.000000,1000000.000000,21243.000000
12300000,12350000,1000000.000000,19695.495400,1000000.000000,19482.338500
12350000,12400000,1000000.000000,20945.000000,1000000.000000,13768.000000
12400000,12450000,1000000.000000,21189.416320,1000000.000000,13768.000000
12450000,12500000,1000000.000000,21788.000000,1000000.000000,13768.000000
12500000,12550000,1000000.000000,21788.000000,1000000.000000,17724.105600
12550000,12600000,1000000.000000,18360.680720,1000000.000000,17081.584320
12600000,12650000,1000000.000000,21243.000000,1000000.000000,21243.000000
12650000,12700000,1000000.000000,21766.156400,1000000.000000,21766.156400
12700000,12750000,1000000.000000,21806.232000,1000000.000000,21806.232000
12750000,12800000,1000000.000000,22636.000000,1000000.000000,22636.000000
12800000,12850000,1000000.000000,23924.520400,1000000.000000,23924.520400
12850000,12900000,1000000.000000,24114.000000,1000000.000000,24114.000000
12900000,12950000,1000000.000000,24114.000000,1000000.000000,24114.000000
12950000,13000000,1000000.000000,24114.000000,1000000.000000,24114.000000
13000000,13050000,1000000.000000,10655.709000,1000000.000000,10655.709000
13050000,13100000,1000000.000000,11456.383440,1000000.000000,11456.383440
13100000,13150000,1000000.000000,12539.000000,1000000.000000,12539.000000
13150000,13200000,1000000.000000,14172.186800,1000000.000000,14170.383000
13200000,13250000,1000000.000000,31557.612520,1000000.000000,31557.612520
13250000,13300000,1000000.000000,30770.094620,1000000.000000,30770.094620
13300000,13350000,1000000.000000,25089.233900,1000000.000000,21378.129660
13350000,13400000,1000000.000000,26729.218120,1000000.000000,9818.169340
13400000,13450000,1000000.000000,38826.725280,1000000.000000,10219.000000
13450000,13500000,1000000.000000,15598.192580,1000000.000000,15524.499740
13500000,13550000,1000000.000000,21334.037760,1000000.000000,21334.037760
13550000,13600000,1000000.000000,21788.000000,1000000.000000,21152.891060
13600000,13650000,1000000.000000,21788.000000,1000000.000000,18797.000000
13650000,13700000,1000000.000000,19275.260900,1000000.000000,18797.000000
13700000,13750000,1000000.000000,18797.000000,1000000.000000,18797.000000
13750000,13800000,1000000.000000,18797.000000,1000000.000000,18797.000000
13800000,13850000,1000000.000000,18797.000000,1000000.000000,18797.000000
13850000,13900000,1000000.000000,14768.975720,1000000.000000,14768.975720
13900000,13950000,1000000.000000,12530.861800,1000000.000000,9326.852460
13950000,14000000,1000000.000000,12529.000000,1000000.000000,8592.000000
14000000,14050000,1000000.000000,11955.221620,1000000.000000,8592.000000
14050000,14100000,1000000.000000,8592.000000,1000000.000000,8592.000000
14100000,14150000,1000000.000000,9069.053400,1000000.000000,8122.910500
14150000,14200000,1000000.000000,9597.000000,1000000.000000,8030.966000
14200000,14250000,1000000.000000,11249.768400,1000000.000000,10811.286900
14250000,14300000,1000000.000000,27457.832840,1000000.000000,8592.000000
14300000,14350000,1000000.000000,20750.841000,1000000.000000,8592.000000
14350000,14400000,1000000.000000,21243.000000,1000000.000000,16057.861140
14400000,14450000,1000000.000000,23717.864680,1000000.000000,8592.000000
14450000,14500000,1000000.000000,38860.000000,1000000.000000,8592.000000
14500000,14550000,1000000.000000,48100.105780,1000000.000000,32670.098660
14550000,14600000,1000000.000000,27798.273500,1000000.000000,27798.273500
14600000,14650000,1000000.000000,27022.086360,1000000.000000,27022.086360
14650000,14700000,1000000.000000,28554.971820,1000000.000000,28554.971820
14700000,14750000,1000000.000000,30974.881880,1000000.000000,27958.047960
14750000,14800000,1000000.000000,20987.692480,1000000.000000,20987.692480
14800000,14850000,1000000.000000,20839.199040,1000000.000000,14553.506280
14850000,14900000,1000000.000000,19777.468320,1000000.000000,8069.000000
14900000,14950000,1000000.000000,19794.943360,1000000.000000,8626.641400
14950000,15000000,1000000.000000,18294.371340,1000000.000000,14420.371640
15000000,15050000,1000000.000000,31868.941080,1000000.000000,31841.266080
15050000,15100000,1000000.000000,47735.724060,1000000.000000,42458.764760
15100000,15150000,1000000.000000,45575.915640,1000000.000000,25202.477400
15150000,15200000,1000000.000000,43101.682400,1000000.000000,36549.014300
15200000,15250000,1000000.000000,41173.379660,1000000.000000,40790.655600
15250000,15300000,1000000.000000,45704.161460,1000000.000000,42182.018340
15300000,15350000,1000000.000000,44966.956960,1000000.000000,43735.531760
15350000,15400000,1000000.000000,33637.600640,1000000.000000,31368.748880
15400000,15450000,1000000.000000,47019.772300,1000000.000000,39593.354900
15450000,15500000,1000000.000000,34014.333820,1000000.000000,32164.687720
15500000,15550000,1000000.000000,38970.374400,1000000.000000,30551.492220
15550000,15600000,1000000.000000,40257.094240,1000000.000000,37876.154060
15600000,15650000,1000000.000000,30345.616600,1000000.000000,29645.123060
15650000,15700000,1000000.000000,44244.759920,1000000.000000,43810.004600
15700000,15750000,1000000.000000,40632.671480,1000000.000000,39465.319480
15750000,15800000,1000000.000000,37414.558540,1000000.000000,37414.558540
15800000,15850000,1000000.000000,30185.807200,1000000.000000,28336.264140
15850000,15900000,1000000.000000,41572.680420,1000000.000000,33892.053780
15900000,15950000,1000000.000000,37690.309300,1000000.000000,30100.379020
15950000,16000000,1000000.000000,36570.272800,1000000.000000,35116.643740
16000000,16050000,1000000.000000,45061.893060,1000000.000000,33480.640860
16050000,16100000,1000000.000000,27163.979580,1000000.000000,27128.986860
16100000,16150000,1000000.000000,43646.231960,1000000.000000,43646.231960
16150000,16200000,1000000.000000,36820.020260,1000000.000000,36820.020260
16200000,16250000,1000000.000000,39707.166120,1000000.000000,36899.594100
16250000,16300000,1000000.000000,33310.531040,1000000.000000,31466.573180
16300000,16350000,1000000.000000,38559.695300,1000000.000000,30551.354040
16350000,16400000,1000000.000000,48934.255900,1000000.000000,39928.878680
16400000,16450000,1000000.000000,38713.320640,1000000.000000,35870.288280
16450000,16500000,1000000.000000,40384.900260,1000000.000000,40153.578980
16500000,16550000,1000000.000000,40415.173000,1000000.000000,38173.989320
16550000,16600000,1000000.000000,38662.583880,1000000.000000,27576.545280
16600000,16650000,1000000.000000,39033.026860,1000000.000000,30504.723840
16650000,16700000,1000000.000000,44282.138480,1000000.000000,43346.781400
16700000,16750000,1000000.000000,43965.541080,1000000.000000,40994.964480
16750000,16800000,1000000.000000,39033.574640,1000000.000000,38692.095600
16800000,16850000,1000000.000000,45403.945120,1000000.000000,29091.010320
16850000,16900000,1000000.000000,31038.831740,1000000.000000,25957.893280
16900000,16950000,1000000.000000,33317.355020,1000000.000000,28610.411720
16950000,17000000,1000000.000000,26409.462780,1000000.000000,23817.987500
17000000,17050000,1000000.000000,43919.598060,1000000.000000,39347.535100
17050000,17100000,1000000.000000,37684.480740,1000000.000000,37675.865760
17100000,17150000,1000000.000000,32434.262960,1000000.000000,31917.798260
17150000,17200000,1000000.000000,43866.001620,1000000.000000,40511.302660
17200000,17250000,1000000.000000,39200.804140,1000000.000000,32103.865020
17250000,17300000,1000000.000000,44031.704960,1000000.000000,35855.938520
17300000,17350000,1000000.000000,32909.955160,1000000.000000,31619.093280
17350000,17400000,1000000.000000,41066.307080,1000000.000000,36006.138380
17400000,17450000,1000000.000000,37364.875420,1000000.000000,36718.068200
17450000,17500000,1000000.000000,37140.224280,1000000.000000,37094.876400
17500000,17550000,1000000.000000,36726.817680,1000000.000000,35221.099320
17550000,17600000,1000000.000000,45305.101380,1000000.000000,44990.710160
17600000,17650000,1000000.000000,31604.111460,1000000.000000,28601.300040
17650000,17700000,1000000.000000,49420.710280,1000000.000000,44912.667220
17700000,17750000,1000000.000000,49429.076200,1000000.000000,28894.602000
17750000,17800000,1000000.000000,33372.423100,1000000.000000,31993.562680
17800000,17850000,1000000.000000,37503.782400,1000000.000000,36098.455280
17850000,17900000,1000000.000000,42323.987080,1000000.000000,34384.252660
17900000,17950000,1000000.000000,40253.842760,1000000.000000,37546.733360
17950000,18000000,1000000.000000,30184.990980,1000000.000000,29576.641640
18000000,18050000,1000000.000000,32151.673040,1000000.000000,29409.254200
18050000,18100000,1000000.000000,37677.089000,1000000.000000,36676.099360
18100000,18150000,1000000.000000,31387.763340,1000000.000000,23591.165940
18150000,18200000,1000000.000000,48056.860220,1000000.000000,42444.978940
18200000,18250000,1000000.000000,37312.752980,1000000.000000,34737.820060
18250000,18300000,1000000.000000,51155.486240,1000000.000000,40173.432660
18300000,18350000,1000000.000000,48072.070700,1000000.000000,41590.826240
18350000,18400000,1000000.000000,33688.256820,1000000.000000,33404.484760
18400000,18450000,1000000.000000,51520.960400,1000000.000000,48534.983740
18450000,18500000,1000000.000000,30053.254200,1000000.000000,26953.654200
18500000,18550000,1000000.000000,24638.585700,1000000.000000,19903.328320
18550000,18600000,1000000.000000,40500.725540,1000000.000000,33303.966520
18600000,18650000,1000000.000000,38758.343840,1000000.000000,22333.196980
18650000,18700000,1000000.000000,31292.010220,1000000.000000,27523.642320
18700000,18750000,1000000.000000,41641.007960,1000000.000000,41410.657780
18750000,18800000,1000000.000000,40686.700920,1000000.000000,36415.123740
18800000,18850000,1000000.000000,36539.665940,1000000.000000,34664.983980
18850000,18900000,1000000.000000,43548.938220,1000000.000000,37656.274500
18900000,18950000,1000000.000000,53834.535980,1000000.000000,41686.767000
18950000,19000000,1000000.000000,41118.232260,1000000.000000,40753.874880
19000000,19050000,1000000.000000,37555.713000,1000000.000000,32985.456140
19050000,19100000,1000000.000000,43894.086440,1000000.000000,36707.834440
19100000,19150000,1000000.000000,39161.281760,1000000.000000,39161.281760
19150000,19200000,1000000.000000,38793.089820,1000000.000000,32208.088340
19200000,19250000,1000000.000000,32809.914720,1000000.000000,27371.554020
19250000,19300000,1000000.000000,40529.904600,1000000.000000,33780.785720
19300000,19350000,1000000.000000,42466.646400,1000000.000000,39328.559360
19350000,19400000,1000000.000000,32084.684720,1000000.000000,31963.021880
19400000,19450000,1000000.000000,39739.382360,1000000.000000,34266.798720
19450000,19500000,1000000.000000,50540.454580,1000000.000000,49732.297300
19500000,19550000,1000000.000000,30479.345240,1000000.000000,29215.625440
19550000,19600000,1000000.000000,37592.494600,1000000.000000,32216.406220
19600000,19650000,1000000.000000,31533.737840,1000000.000000,29907.792800
19650000,19700000,1000000.000000,41249.662680,1000000.000000,36840.696080
19700000,19750000,1000000.000000,40852.913620,1000000.000000,40852.913620
19750000,19800000,1000000.000000,37116.646740,1000000.000000,36986.913220
19800000,19850000,1000000.000000,38500.316800,1000000.000000,33753.293700
19850000,19900000,1000000.000000,17520.749180,1000000.000000,17515.522100
19900000,19950000,1000000.000000,35667.326640,1000000.000000,35513.104000
19950000,20000000,1000000.000000,39949.010680,1000000.000000,39723.523320
20000000,20050000,1000000.000000,66886.558820,1000000.000000,66886.558820
20050000,20100000,1000000.000000,41153.978480,1000000.000000,35330.668800
20100000,20150000,1000000.000000,39232.327800,1000000.000000,20302.992480
20150000,20200000,1000000.000000,26396.960280,1000000.000000,26396.960280
20200000,20250000,1000000.000000,23042.680240,1000000.000000,23042.680240
20250000,20300000,1000000.000000,28955.426460,1000000.000000,13974.000000
20300000,20350000,1000000.000000,23501.000000,1000000.000000,13974.000000
20350000,20400000,1000000.000000,23501.000000,1000000.000000,13974.000000
20400000,20450000,1000000.000000,14201.123680,1000000.000000,13974.000000
20450000,20500000,1000000.000000,14538.899600,1000000.000000,14538.899600
20500000,20550000,1000000.000000,20062.000000,1000000.000000,20062.000000
20550000,20600000,1000000.000000,19167.471000,1000000.000000,19167.471000
20600000,20650000,1000000.000000,18761.021400,1000000.000000,18761.021400
20650000,20700000,1000000.000000,20062.000000,1000000.000000,20062.000000
20700000,20750000,1000000.000000,20062.000000,1000000.000000,20062.000000
20750000,20800000,1000000.000000,20062.000000,1000000.000000,20062.000000
20800000,20850000,1000000.000000,19522.934080,1000000.000000,19419.772640
20850000,20900000,1000000.000000,8404.000000,1000000.000000,6173.000000
20900000,20950000,1000000.000000,18555.786400,1000000.000000,16294.832800
20950000,21000000,1000000.000000,19776.178500,1000000.000000,18597.000000
21000000,21050000,1000000.000000,21152.959360,1000000.000000,19810.374760
21050000,21100000,1000000.000000,35103.207660,1000000.000000,25746.921260
21100000,21150000,1000000.000000,25029.263000,1000000.000000,24729.000000
21150000,21200000,1000000.000000,24729.000000,1000000.000000,24729.000000
21200000,21250000,1000000.000000,20766.530320,1000000.000000,20766.530320
21250000,21300000,1000000.000000,45283.057840,1000000.000000,39129.468580
21300000,21350000,1000000.000000,51661.000000,1000000.000000,51661.000000
21350000,21400000,1000000.000000,38581.107640,1000000.000000,38581.107640
21400000,21450000,1000000.000000,48670.436000,1000000.000000,48670.436000
21450000,21500000,1000000.000000,51250.107300,1000000.000000,51250.107300
21500000,21550000,1000000.000000,27747.789300,1000000.000000,27747.789300
21550000,21600000,1000000.000000,26754.000000,1000000.000000,26754.000000
21600000,21650000,1000000.000000,26754.000000,1000000.000000,26754.000000
21650000,21700000,1000000.000000,26754.000000,1000000.000000,26754.000000
21700000,21750000,1000000.000000,26754.000000,1000000.000000,26754.000000
21750000,21800000,1000000.000000,26754.000000,1000000.000000,26754.000000
21800000,21850000,1000000.000000,26754.000000,1000000.000000,26754.000000
21850000,21900000,1000000.000000,35475.016200,1000000.000000,35475.016200
21900000,21950000,1000000.000000,44568.414160,1000000.000000,44568.414160
21950000,22000000,1000000.000000,51392.715700,1000000.000000,51392.715700
22000000,22050000,1000000.000000,26982.352880,1000000.000000,26982.352880
22050000,22100000,1000000.000000,30069.464880,1000000.000000,30069.464880
22100000,22150000,1000000.000000,17286.841240,1000000.000000,17286.841240
22150000,22200000,1000000.000000,14815.000000,1000000.000000,14815.000000
22200000,22250000,1000000.000000,14815.000000,1000000.000000,14815.000000
22250000,22300000,1000000.000000,14815.000000,1000000.000000,14815.000000
22300000,22350000,1000000.000000,12324.375460,1000000.000000,12324.375460
22350000,22400000,1000000.000000,14994.919140,1000000.000000,14994.919140
22400000,22450000,1000000.000000,18546.802860,1000000.000000,18546.802860
22450000,22500000,1000000.000000,21499.925780,1000000.000000,21499.925780
22500000,22550000,1000000.000000,43948.978080,1000000.000000,43948.978080
22550000,22600000,1000000.000000,57811.890440,1000000.000000,57811.890440
22600000,22650000,1000000.000000,55019.841900,1000000.000000,55019.841900
22650000,22700000,1000000.000000,34305.862240,1000000.000000,34305.862240
22700000,22750000,1000000.000000,21671.909400,1000000.000000,21671.909400
22750000,22800000,1000000.000000,39557.931880,1000000.000000,39557.931880
22800000,22850000,1000000.000000,34683.825860,1000000.000000,34683.825860
22850000,22900000,1000000.000000,17019.000000,1000000.000000,17019.000000
22900000,22950000,1000000.000000,21111.705600,1000000.000000,21111.705600
22950000,23000000,1000000.000000,56076.437300,1000000.000000,56076.437300
23000000,23050000,1000000.000000,31277.345160,1000000.000000,29111.274700
23050000,23100000,1000000.000000,21843.000000,1000000.000000,21843.000000
23100000,23150000,1000000.000000,23252.563380,1000000.000000,23252.563380
23150000,23200000,1000000.000000,11346.000000,1000000.000000,11346.000000
23200000,23250000,1000000.000000,20229.007400,1000000.000000,20229.007400
23250000,23300000,1000000.000000,17290.000000,1000000.000000,17290.000000
23300000,23350000,1000000.000000,40428.130980,1000000.000000,40428.130980
23350000,23400000,1000000.000000,30494.841860,1000000.000000,30494.841860
23400000,23450000,1000000.000000,29076.000000,1000000.000000,29076.000000
23450000,23500000,1000000.000000,18061.668080,1000000.000000,18061.668080
23500000,23550000,1000000.000000,24427.191960,1000000.000000,22834.569240
23550000,23600000,1000000.000000,29076.000000,1000000.000000,29076.000000
23600000,23650000,1000000.000000,29076.000000,1000000.000000,29076.000000
23650000,23700000,1000000.000000,22596.431120,1000000.000000,22596.431120
23700000,23750000,1000000.000000,18549.332960,1000000.000000,18549.332960
23750000,23800000,1000000.000000,21314.164840,1000000.000000,21314.164840
23800000,23850000,1000000.000000,16362.061260,1000000.000000,16362.061260
23850000,23900000,1000000.000000,25748.799080,1000000.000000,25748.799080
23900000,23950000,1000000.000000,36437.871740,1000000.000000,36437.871740
23950000,24000000,1000000.000000,40909.365260,1000000.000000,40909.365260
24000000,24050000,1000000.000000,44738.738400,1000000.000000,44738.738400
24050000,24100000,1000000.000000,23218.797040,1000000.000000,22648.539940
24100000,24150000,1000000.000000,18487.753100,1000000.000000,18487.753100
24150000,24200000,1000000.000000,23734.945940,1000000.000000,23462.000000
24200000,24250000,1000000.000000,33243.134300,1000000.000000,22428.472460
24250000,24300000,1000000.000000,33510.000000,1000000.000000,14847.522900
24300000,24350000,1000000.000000,42195.643960,1000000.000000,30127.054420
24350000,24400000,1000000.000000,54900.387460,1000000.000000,54900.387460
24400000,24450000,1000000.000000,30297.284480,1000000.000000,30297.284480
24450000,24500000,1000000.000000,47480.200360,1000000.000000,47480.200360
24500000,24550000,1000000.000000,33454.643760,1000000.000000,33401.215620
24550000,24600000,1000000.000000,44428.230760,1000000.000000,43725.655120
24600000,24650000,1000000.000000,65717.833280,1000000.000000,65717.833280
24650000,24700000,1000000.000000,64324.738480,1000000.000000,44605.757700
24700000,24750000,1000000.000000,52576.397200,1000000.000000,33500.660540
24750000,24800000,1000000.000000,42282.011360,1000000.000000,42282.011360
24800000,24850000,1000000.000000,54646.363220,1000000.000000,54646.363220
24850000,24900000,1000000.000000,40118.183280,1000000.000000,39153.344080
24900000,24950000,1000000.000000,23687.851160,1000000.000000,22860.980440
24950000,25000000,1000000.000000,38429.387180,1000000.000000,38429.387180
25000000,25050000,1000000.000000,37328.569080,1000000.000000,35803.372560
25050000,25100000,1000000.000000,39330.876180,1000000.000000,39012.023740
25100000,25150000,1000000.000000,30746.985720,1000000.000000,18634.600520
25150000,25200000,1000000.000000,36397.630980,1000000.000000,35386.281640
25200000,25250000,1000000.000000,36826.187840,1000000.000000,28981.038160
25250000,25300000,1000000.000000,39933.638500,1000000.000000,34762.554720
25300000,25350000,1000000.000000,47493.757760,1000000.000000,45100.100080
25350000,25400000,1000000.000000,37472.182860,1000000.000000,33752.958080
25400000,25450000,1000000.000000,45472.489980,1000000.000000,45463.730140
25450000,25500000,1000000.000000,36284.667020,1000000.000000,36225.471320
25500000,25550000,1000000.000000,35678.508520,1000000.000000,30933.170520
25550000,25600000,1000000.000000,33724.918100,1000000.000000,32783.313240
25600000,25650000,1000000.000000,37544.748080,1000000.000000,36244.185480
25650000,25700000,1000000.000000,32727.530300,1000000.000000,31746.289640
25700000,25750000,1000000.000000,32621.425000,1000000.000000,32529.565320
25750000,25800000,1000000.000000,31907.722420,1000000.000000,31521.078140
25800000,25850000,1000000.000000,43274.423840,1000000.000000,36994.716740
25850000,25900000,1000000.000000,35558.940520,1000000.000000,33736.671060
25900000,25950000,1000000.000000,40842.827800,1000000.000000,39534.442900
25950000,26000000,1000000.000000,45239.508380,1000000.000000,44951.730700
26000000,26050000,1000000.000000,40717.823320,1000000.000000,39159.655040
26050000,26100000,1000000.000000,27471.327520,1000000.000000,20405.382100
26100000,26150000,1000000.000000,36630.518140,1000000.000000,25825.218020
26150000,26200000,1000000.000000,37264.930180,1000000.000000,37200.359300
26200000,26250000,1000000.000000,27556.885800,1000000.000000,27537.906040
26250000,26300000,1000000.000000,54363.797260,1000000.000000,53490.148540
26300000,26350000,1000000.000000,32465.995880,1000000.000000,26552.346060
26350000,26400000,1000000.000000,33193.416380,1000000.000000,30336.020160
26400000,26450000,1000000.000000,43774.218800,1000000.000000,38488.819360
26450000,26500000,1000000.000000,31280.967560,1000000.000000,28492.970400
26500000,26550000,1000000.000000,39131.061480,1000000.000000,35954.516300
26550000,26600000,1000000.000000,40796.737480,1000000.000000,40196.480680
26600000,26650000,1000000.000000,43090.045720,1000000.000000,38534.929980
26650000,26700000,1000000.000000,40396.543300,1000000.000000,29197.293440
26700000,26750000,1000000.000000,28157.436240,1000000.000000,27999.596680
26750000,26800000,1000000.000000,42569.666720,1000000.000000,40276.580500
26800000,26850000,1000000.000000,48222.930080,1000000.000000,44465.508760
26850000,26900000,1000000.000000,42621.030880,1000000.000000,39043.358780
26900000,26950000,1000000.000000,27278.287380,1000000.000000,22273.265680
26950000,27000000,1000000.000000,39572.712300,1000000.000000,24900.107340
27000000,27050000,1000000.000000,28633.688940,1000000.000000,23915.669440
27050000,27100000,1000000.000000,37975.180560,1000000.000000,27708.575660
27100000,27150000,1000000.000000,40268.597720,1000000.000000,32984.609460
27150000,27200000,1000000.000000,38024.214100,1000000.000000,24139.347780
27200000,27250000,1000000.000000,44037.544600,1000000.000000,39302.560900
27250000,27300000,1000000.000000,48530.050100,1000000.000000,45956.744560
27300000,27350000,1000000.000000,30449.179300,1000000.000000,26588.206020
27350000,27400000,1000000.000000,34172.670960,1000000.000000,28254.720960
27400000,27450000,1000000.000000,31351.455000,1000000.000000,21831.106300
27450000,27500000,1000000.000000,42406.905200,1000000.000000,40746.260500
27500000,27550000,1000000.000000,43994.217360,1000000.000000,43994.217360
27550000,27600000,1000000.000000,36253.305060,1000000.000000,30584.101120
27600000,27650000,1000000.000000,38274.575620,1000000.000000,36597.005860
27650000,27700000,1000000.000000,40858.313640,1000000.000000,38879.544880
27700000,27750000,1000000.000000,47183.667880,1000000.000000,35597.071300
27750000,27800000,1000000.000000,43207.915800,1000000.000000,43166.109400
27800000,27850000,1000000.000000,47216.102100,1000000.000000,44260.326960
27850000,27900000,1000000.000000,47829.018740,1000000.000000,45259.874160
27900000,27950000,1000000.000000,45104.739080,1000000.000000,44710.077280
27950000,28000000,1000000.000000,45750.224760,1000000.000000,34749.567880
28000000,28050000,1000000.000000,48185.687420,1000000.000000,46145.172880
28050000,28100000,1000000.000000,34384.012080,1000000.000000,32976.278240
28100000,28150000,1000000.000000,24349.634080,1000000.000000,21048.439280
28150000,28200000,1000000.000000,31518.862380,1000000.000000,30875.993840
28200000,28250000,1000000.000000,33407.385060,1000000.000000,27202.917280
28250000,28300000,1000000.000000,43005.028620,1000000.000000,31573.134000
28300000,28350000,1000000.000000,34490.862020,1000000.000000,24175.781040
28350000,28400000,1000000.000000,40666.755360,1000000.000000,28135.510580
28400000,28450000,1000000.000000,37137.057080,1000000.000000,34581.444860
28450000,28500000,1000000.000000,29010.952860,1000000.000000,28645.537880
28500000,28550000,1000000.000000,31685.343000,1000000.000000,18428.419620
28550000,28600000,1000000.000000,45019.104140,1000000.000000,33589.588540
28600000,28650000,1000000.000000,35059.006980,1000000.000000,33666.070660
28650000,28700000,1000000.000000,40495.385800,1000000.000000,40468.142120
28700000,28750000,1000000.000000,36461.780820,1000000.000000,32182.634700
28750000,28800000,1000000.000000,36004.109640,1000000.000000,34818.140800
28800000,28850000,1000000.000000,45580.486700,1000000.000000,37506.064540
28850000,28900000,1000000.000000,55091.850520,1000000.000000,43751.866660
28900000,28950000,1000000.000000,33450.716220,1000000.000000,25573.538600
28950000,29000000,1000000.000000,32598.129340,1000000.000000,30468.864320
29000000,29050000,1000000.000000,37973.313920,1000000.000000,35071.562700
29050000,29100000,1000000.000000,45174.211200,1000000.000000,44961.705400
29100000,29150000,1000000.000000,30467.031860,1000000.000000,28979.064620
29150000,29200000,1000000.000000,37533.668840,1000000.000000,36591.250360
29200000,29250000,1000000.000000,39823.199940,1000000.000000,33768.934900
29250000,29300000,1000000.000000,29224.216960,1000000.000000,27549.978340
29300000,29350000,1000000.000000,52151.777720,1000000.000000,51050.005820
29350000,29400000,1000000.000000,36325.175860,1000000.000000,33524.802600
29400000,29450000,1000000.000000,36536.621320,1000000.000000,30404.836420
29450000,29500000,1000000.000000,38488.162380,1000000.000000,33662.138640
29500000,29550000,1000000.000000,38487.756280,1000000.000000,33774.352880
29550000,29600000,1000000.000000,30153.303000,1000000.000000,30094.043060
29600000,29650000,1000000.000000,33996.658260,1000000.000000,32144.556120
29650000,29700000,1000000.000000,41005.657700,1000000.000000,31417.827260
29700000,29750000,1000000.000000,35474.164980,1000000.000000,28018.995400
29750000,29800000,1000000.000000,49672.783580,1000000.000000,40962.686660
29800000,29850000,1000000.000000,35811.142720,1000000.000000,26240.485540
29850000,29900000,1000000.000000,40731.228760,1000000.000000,22389.652380
29900000,29950000,1000000.000000,37318.852080,1000000.000000,35630.253800
29950000,30000000,1000000.000000,49480.619540,1000000.000000,46634.604820
30000000,30000001,1000000.000000,95084.000000,1000000.000000,95084.000000
